"split","Overall","atomStructure","eclipses","faultsEarthquakes","foodChainsWebs","lifeCycles","moonPhaseEquinox","partsOfA","partsOfTheEarth","photosynthesisRespiration","rockCycle","rockStrata","solarSystem","typesOf","volcano","waterCNPCycle"
"none","0.7846502590673575","0.625","0.8709677419354839","0.5","0.8795180722891566","0.7817745803357314","0.6714801444043321","0.7638603696098563","0.6730769230769231","0.6835443037974683","0.5970149253731343","0.6585365853658537","0.8888888888888888","0.7055393586005831","0.875","0.6136363636363636"
