"split","Overall","AR","CP","FP-C","FP-S","LR","RR","action_recognition","attribute_comparison","attribute_recognition","celebrity_recognition","function_reasoning","future_prediction","identity_reasoning","image_emotion","image_quality","image_scene","image_style","image_topic","nature_relation","object_localization","ocr","physical_property_reasoning","physical_relation","social_relation","spatial_relationship","structuralized_imagetext_understanding"
"dev","0.7043343653250774","0.8048780487804879","0.7154696132596685","0.6089385474860335","0.7820069204152249","0.4596774193548387","0.7298850574712644","0.8589743589743589","0.5294117647058824","0.9333333333333333","0.8888888888888888","0.8833333333333333","0.52","0.9607843137254902","0.8","0.32142857142857145","0.875","0.7096774193548387","0.9333333333333333","0.6774193548387096","0.5428571428571428","0.7333333333333333","0.5660377358490566","0.6","0.8870967741935484","0.3","0.4189189189189189"
