"Category","tot","acc"
"rec","187","56.79144385026744"
"ocr","108","61.38888888888887"
"know","84","43.452380952380935"
"gen","80","38.62499999999998"
"spat","75","53.06666666666667"
"math","26","60.769230769230774"
"Overall","218","55.917431192660594"
