"Category","tot","acc"
"rec","187","55.24064171122999"
"ocr","108","63.61111111111114"
"know","84","41.66666666666666"
"gen","80","40.99999999999998"
"spat","75","61.19999999999999"
"math","26","63.846153846153854"
"Overall","218","56.51376146788994"
