"split","Overall","atomStructure","eclipses","faultsEarthquakes","foodChainsWebs","lifeCycles","moonPhaseEquinox","partsOfA","partsOfTheEarth","photosynthesisRespiration","rockCycle","rockStrata","solarSystem","typesOf","volcano","waterCNPCycle"
"none","0.7202072538860104","0.625","0.8064516129032258","0.5357142857142857","0.7917383820998278","0.6714628297362111","0.5270758122743683","0.7535934291581109","0.6346153846153846","0.7215189873417721","0.5223880597014925","0.7073170731707317","0.8611111111111112","0.7113702623906706","0.8125","0.5454545454545454"
