"split","Overall","AR","CP","FP-C","FP-S","LR","RR","action_recognition","attribute_comparison","attribute_recognition","celebrity_recognition","function_reasoning","future_prediction","identity_reasoning","image_emotion","image_quality","image_scene","image_style","image_topic","nature_relation","object_localization","ocr","physical_property_reasoning","physical_relation","social_relation","spatial_relationship","structuralized_imagetext_understanding"
"dev","0.7469040247678018","0.8536585365853658","0.7541436464088398","0.6368715083798883","0.8304498269896193","0.5241935483870968","0.764367816091954","0.8846153846153846","0.5686274509803921","0.9666666666666667","0.9292929292929293","0.9333333333333333","0.54","1.0","0.85","0.40476190476190477","0.8854166666666666","0.7580645161290323","0.9333333333333333","0.7096774193548387","0.6285714285714286","0.7666666666666667","0.6226415094339622","0.66","0.9032258064516129","0.32","0.5135135135135135"
